cluster,recent_count,recent_engagement,prev_count,growth_ratio,rank,top_keywords
4,454,1216870,459,0.9891304347826086,1,"thing physically attractive, compliment body style, sexualizing look, mainstream beauty trend, compliment body, beauty trend, girl trend need, attractive look matter, social medium beauty, attractive whats odd, physically attractive whats, beauty trend mainstream"
8,428,482346,434,0.9862068965517241,2,"involves trisha paytas, trisha paytas literally, trisha paytas strike, trisha paytas, heard trisha paytas, work know anime, modern anime industry, work anime, knowledge come anime, anime opportunity expand, job anime, deal trisha paytas"
11,590,871127,632,0.933649289099526,3,"movie series care, saddest death series, series whats saddest, doctor stranges, watched life list, saw doctor mystery, medical drama recommendation, watching crappy medical, medical drama, fan medical drama, medical drama intense, seen saddest series"
9,431,472458,462,0.9330453563714903,4,"mean grammys best, song unpopular opinion, mean hot album, popular music today, single mean grammys, song opinion havent, song unpopular, beyonc uncultured pop, popular music worse, music nicki minaj, best select song, unique song opinion"
5,639,389528,754,0.847682119205298,5,"marriage want therapy, sexual thought life, wanting love truly, talk sex life, spend life sexual, life sex whats, need woman life, want sex married, desire life partner, sex life ask, life sexual thought, want intimate emotionally"
3,621,2119260,830,0.7484957882069796,6,"misunderstood thing nuclear, whats misunderstood thing, widely misunderstood, whats misunderstood, power whats misunderstood, political reality insecure, amplification politics twitter, controversial social medium, trump maga semantics, post controversial social, labeled scam reality, truth social tweet"
1,1137,4303403,1521,0.7477003942181341,7,"favorite south park, south park quote, south park, death whats weirdest, gonna whats society, say super weird, whats strangest snobbery, word whats, dinosaur whats, living whats creepiest, word whats funniest, whats weirdest thing"
6,13,4641,18,0.7368421052631579,8,"trending subreddits rgeologyporn, trending subreddits rsciencelaboratory, trending subreddits rgenreexplain, trending subreddits rthelastkingdom, trending subreddits rthanksmanagement, spherical trending subreddits, rgatekeeping trending subreddits, catdimension trending subreddits, trending subreddits rwhoselineisitanyway, trending subreddits rmusictheory, existence trending subreddits, trending subreddits rsuspiciouslyspecific"
0,755,1598818,1099,0.6872727272727273,9,"reappearance century, decade data, internet year, widespread internet, change past decade, decade idea idea, decade old account, booted decade idea, going widespread internet, make reappearance century, term technology world, year monetized thing"
2,510,693234,765,0.6671018276762402,10,"halo gaming, game including halo, game playstation halo, halo game including, halo game, new halo game, videogame boring xbox, consider era gaming, term gaming prevalent, metagame term gaming, gamers game, gameplay revealed halo"
10,345,644718,706,0.4893917963224894,11,"work civic sense, worklife balance social, work lifestyle, society work need, worker community live, work everyday life, denounce worklife balance, worklife balanceand think, societal wellbeing, workforce modern, worker literally modern, worker think popular"
7,240,220678,605,0.3976897689768977,12,"underwear wear fashion, men underwear lady, kind underwear wear, underwear wear men, dress quirky, type men underwear, way type underwear, underwear men kind, dress underwear, day dress underwear, type underwear, fashion wearing curious"
